ARC-Challenge,ARC-Easy,boolq,hellaswag,macro_average,method,model_id,model_name,openbookqa,piqa,run_name,runtime,scope,social_i_qa,total_parameters,trainable_parameters,trainable_percentage,winogrande,Rank
0.6889632107,0.8614035088,0.8186544343,0.7639912743,0.7740961743,lora,meta-llama/Llama-2-7b-hf,llama2_7b,0.766,0.7867247008,lora_full_rank_32,colab_a100_40gb_llama,full,0.7548618219,6738415616,56098816,0.8325223494,0.7521704815,32
0.7391304348,0.8473684211,0.8256880734,0.7684724159,0.7786500166,lora,meta-llama/Llama-2-7b-hf,llama2_7b,0.758,0.7785636561,lora_full_rank_16,colab_a100_40gb_llama,full,0.7661207779,6738415616,28049408,0.4162611747,0.7458563536,16
0.7123745819,0.8456140351,0.8103975535,0.7736506672,0.7764791746,lora,meta-llama/Llama-2-7b-hf,llama2_7b,0.776,0.78781284,lora_full_rank_8,colab_a100_40gb_llama,full,0.764073695,6738415616,14024704,0.2081305874,0.7419100237,8
0.7056856187,0.8315789474,0.8097859327,0.7207727544,0.7605818068,lora,meta-llama/Llama-2-7b-hf,llama2_7b,0.748,0.7905331882,lora_full_rank_4,colab_a100_40gb_llama,full,0.7569089048,6738415616,7012352,0.1040652937,0.7213891081,4
0.7257525084,0.8719298246,0.8311926606,0.8239394543,0.7920407819,dora,meta-llama/Llama-2-7b-hf,llama2_7b,0.79,0.7872687704,dora_full_rank_16,colab_a100_40gb_llama,full,0.7548618219,6738415616,28925952,0.4292693364,0.7513812155,16
0.745819398,0.8771929825,0.8376146789,0.8183628759,0.8002161391,dora,meta-llama/Llama-2-7b-hf,llama2_7b,0.804,0.8041349293,dora_full_rank_8,colab_a100_40gb_llama,full,0.7569089048,6738415616,14901248,0.2211387491,0.7576953433,8
0.7658862876,0.8701754386,0.8406727829,0.7965544712,0.7980192405,dora,meta-llama/Llama-2-7b-hf,llama2_7b,0.794,0.7905331882,dora_full_rank_4,colab_a100_40gb_llama,full,0.7702149437,6738415616,7888896,0.1170734554,0.7561168114,4
